Nu_1,Nu_2,Sh_1,Sh_2,T_a_o(K),x_a_o(kg/kg)
7.971399888462022,1.971399888462022,8.387441583989116,2.387441583989115,297.2018737792969,0.011986296352417828
1.971399888462022,4.453100617189313,3.2190334159804546,2.387441583989115,295.4217224121094,0.011986296352417828
4.453100617189313,3.5772217585423176,2.387441583989115,2.772317247869887,295.82720947265625,0.011578061884467373
3.5772217585423176,3.215922966607341,2.772317247869887,2.7553341364636346,296.0675354003906,0.011585785162735267
