Nu_1,Nu_2,Sh_1,Sh_2,T_a_o(K),x_a_o(kg/kg)
14.024660573333653,20.024660573333655,10.377284475106185,16.377284475106187,299.643310546875,0.008138641524756563
