Nu_1,Nu_2,Sh_1,Sh_2,T_a_o(K),x_a_o(kg/kg)
10.826761556112567,16.826761556112565,12.637825725453816,6.637825725453815,294.3230895996094,0.009137477441658343
