Nu_1,Nu_2,Sh_1,Sh_2,T_a_o(K),x_a_o(kg/kg)
15.44198928724781,21.44198928724781,11.551355230821404,5.551355230821405,292.61773681640625,0.007764303290539611
