Nu_1,Nu_2,Sh_1,Sh_2,T_a_o(K),x_a_o(kg/kg)
11.02398783431293,5.023987834312931,9.700249284310548,3.700249284310547,293.97271728515625,0.007548601750022544
