Nu_1,Nu_2,Sh_1,Sh_2,T_a_o(K),x_a_o(kg/kg)
14.326447422840667,8.326447422840667,13.245611839165647,19.245611839165647,286.9283447265625,0.005513393892732967
