Nu_1,Nu_2,Sh_1,Sh_2,T_a_o(K),x_a_o(kg/kg)
12.388976273172519,18.388976273172517,13.958451192713957,7.958451192713957,293.2168273925781,0.008226340744385613
